<?xml version="1.0"?>
<!DOCTYPE hibernate-mapping PUBLIC "-//Hibernate/Hibernate Mapping DTD 3.0//EN"
"http://www.hibernate.org/dtd/hibernate-mapping-3.0.dtd">
<!-- Generated 11/12/2018 10:20:41 by Hibernate Tools 4.3.1 -->
<hibernate-mapping>
    <class name="resources.hbm.Campo" table="campo" catalog="camposadmin" optimistic-lock="version">
        <id name="idcampo" type="java.lang.Integer">
            <column name="idcampo" />
            <generator class="identity" />
        </id>
        <many-to-one name="estadocampo" class="resources.hbm.Estadocampo" fetch="select">
            <column name="idestado" not-null="true" />
        </many-to-one>
        <property name="descripcion" type="string">
            <column name="descripcion" length="45" not-null="true" />
        </property>
        <property name="superficie" type="int">
            <column name="superficie" not-null="true" />
        </property>
        <property name="activo" type="boolean">
            <column name="activo" not-null="true" />
        </property>
        <set name="lotes" table="lote" inverse="true" lazy="true" fetch="select">
            <key>
                <column name="idcampo" not-null="true" />
            </key>
            <one-to-many class="resources.hbm.Lote" />
        </set>
    </class>
</hibernate-mapping>
