<?xml version="1.0"?>
<!DOCTYPE hibernate-mapping PUBLIC "-//Hibernate/Hibernate Mapping DTD 3.0//EN"
"http://www.hibernate.org/dtd/hibernate-mapping-3.0.dtd">
<!-- Generated 11/12/2018 10:20:41 by Hibernate Tools 4.3.1 -->
<hibernate-mapping>
    <class name="resources.hbm.Proyectolaboreo" table="proyectolaboreo" catalog="camposadmin" optimistic-lock="version">
        <id name="idproyectolaboreo" type="java.lang.Integer">
            <column name="idproyectolaboreo" />
            <generator class="identity" />
        </id>
        <many-to-one name="laboreo" class="resources.hbm.Laboreo" fetch="select">
            <column name="idlaboreo" not-null="true" />
        </many-to-one>
        <many-to-one name="proyecto" class="resources.hbm.Proyecto" fetch="select">
            <column name="idproyecto" not-null="true" />
        </many-to-one>
        <property name="fecha" type="timestamp">
            <column name="fecha" length="19" not-null="true" />
        </property>
        <property name="nota" type="string">
            <column name="nota" length="200" />
        </property>
        <property name="idlaboreocultivo" type="java.lang.Integer">
            <column name="idlaboreocultivo" />
        </property>
        <property name="activo" type="boolean">
            <column name="activo" not-null="true" />
        </property>
    </class>
</hibernate-mapping>
