<?xml version="1.0"?>
<!DOCTYPE hibernate-mapping PUBLIC "-//Hibernate/Hibernate Mapping DTD 3.0//EN"
"http://www.hibernate.org/dtd/hibernate-mapping-3.0.dtd">
<!-- Generated 11/12/2018 10:20:41 by Hibernate Tools 4.3.1 -->
<hibernate-mapping>
    <class name="resources.hbm.Tiposuelocultivo" table="tiposuelocultivo" catalog="camposadmin" optimistic-lock="version">
        <id name="idtiposuelocultivo" type="java.lang.Integer">
            <column name="idtiposuelocultivo" />
            <generator class="identity" />
        </id>
        <many-to-one name="cultivo" class="resources.hbm.Cultivo" fetch="select">
            <column name="idcultivo" not-null="true" />
        </many-to-one>
        <many-to-one name="tiposuelo" class="resources.hbm.Tiposuelo" fetch="select">
            <column name="idtiposuelo" not-null="true" />
        </many-to-one>
        <property name="activo" type="boolean">
            <column name="activo" not-null="true" />
        </property>
    </class>
</hibernate-mapping>
