<?xml version="1.0" encoding="UTF-8"?>
<project-private xmlns="http://www.netbeans.org/ns/project-private/1">
    <editor-bookmarks xmlns="http://www.netbeans.org/ns/editor-bookmarks/2" lastBookmarkId="0"/>
    <open-files xmlns="http://www.netbeans.org/ns/projectui-open-files/2">
        <group>
            <file>file:/C:/Users/Normal/Documents/NetBeansProjects/AdministraCampo/src/poo/campo/dao/proyectodao.java</file>
            <file>file:/C:/Users/Normal/Documents/NetBeansProjects/AdministraCampo/src/administracampo/AdministraCampo.java</file>
            <file>file:/C:/Users/Normal/Documents/NetBeansProjects/AdministraCampo/src/poo/campo/dao/campodao.java</file>
            <file>file:/C:/Users/Normal/Documents/NetBeansProjects/AdministraCampo/src/poo/campo/JFCampo.java</file>
            <file>file:/C:/Users/Normal/Documents/NetBeansProjects/AdministraCampo/src/poo/campo/JFProyectoLote.java</file>
        </group>
    </open-files>
</project-private>
